{
  "rho": [
    0.1,
    1.0,
    1.5,
    2.0,
    5.0,
    10.0,
    25.0,
    50.0
  ],
  "p_thin": [
    0.0,
    0.05,
    0.1,
    0.15,
    0.2,
    0.25,
    0.3,
    0.35,
    0.4,
    0.45,
    0.5,
    0.55,
    0.6000000000000001,
    0.65,
    0.7000000000000001,
    0.75,
    0.8,
    0.8500000000000001,
    0.9,
    0.95
  ]
}