{
  "mean_giant_diam": 3.0,
  "mean_average_diam": 3.0,
  "mean_giant_size": 50.0,
  "mean_div_pos": 0.18545672762955656,
  "mean_div_der": 0.003591467135758823,
  "mean_div_spect": 0.0427342052951512,
  "mean_div_rank": 0.015213391014385902,
  "mean_pred": 5.5656306003519,
  "mean_err": 10.892452553160107,
  "mean_vpt": 2.4000000000000004,
  "mean_consistency_correlation": NaN
}